{ "users":[
    {
        "name": "ppoduval",
        "userId": "ppoduval",
        "password": "12345"
    },
    {
        "name": "rahmaurya",
        "userId": "rahmaurya",
        "password": "12345"
    },
    {
        "name": "rgururajkulkarni",
        "userId": "rgururajkulkarni",
        "password": "12345"
    },
    {
        "name": "akumarpadhee",
        "userId": "akumarpadhee",
        "password": "12345"
    },
    {
        "name": "anupandit",
        "userId": "anupandit",
        "password": "12345"
    },
    {
        "name": "abhinav",
        "userId": "abhinav",
        "password": "12345"
    },
    {
        "name": "avishkar",
        "userId": "avishkar",
        "password": "12345"
    },
    {
        "name": "dmarhas",
        "userId": "dmarhas",
        "password": "12345"
    },
	{
        "name": "admin",
        "userId": "admin",
        "password": "12345"
    },
	{
        "name": "admin1",
        "userId": "admin1",
        "password": "12345"
    }
    ,
	{
        "name": "testuser123",
        "userId": "testuser123",
        "password": "12345"
    }
	]
}